"Transportation, Logistics, Supply Chain and Storage",Logistics & Supply Chain
Electrical/electronic Manufacturing,Electrical & Electronic Manufacturing
Electrical Equipment Manufacturing,Electrical & Electronic Manufacturing
Fund-raising,Fundraising
Package/Freight Delivery,Package & Freight Delivery
Engineering Services,Mechanical or Industrial Engineering
HR Tech,Human Resources
Mechanical Or Industrial Engineering,Mechanical or Industrial Engineering
Wholesale Import and Export,Import & Export
Truck Transportation,Transportation/trucking/railroad
Airlines and Aviation,Aviation & Aerospace
Airlines/aviation,Aviation & Aerospace
Computer Software,Software Development
Information Services,Software Development
Information Technology & Services,Software Development
Program Development,Software Development
Software Development,Software Development
"Technology, Information And Internet",Software Development
IT Services and IT Consulting,Software Development
"Technology, Information and Media",Software Development
Computer Networking,Software Development
"Technology, Information And Internet",Software Development
"Technology, Information and Software Development",Software Development
"Technology, Information and Media",Software Development
Product Development,Software Development
,
Computer & Network Security,Computer & Network Security
Alternative Medicine,Alternative Medicine
Animation,Animation
Accounting,Accounting
Apparel & Fashion,Apparel & Fashion
Architecture & Planning,Architecture & Planning
Arts & Crafts,Arts & Crafts
Automotive,Automotive
Aviation & Aerospace,Aviation & Aerospace
Banking,Banking
Biotechnology,Biotechnology
Broadcast Media,Broadcast Media
Building Materials,Building Materials
Business Supplies & Equipment,Business Supplies & Equipment
Capital Markets,Capital Markets
Chemicals,Chemicals
Civic & Social Organization,Civic & Social Organization
Civil Engineering,Civil Engineering
Product Development,Software Development
Computer Games,Computer Games
Computer Hardware,Computer Hardware
Computer Networking,Computer Networking
Computer Software,Software Development
Construction,Construction
Consumer Electronics,Consumer Electronics
Consumer Goods,Consumer Goods
Consumer Services,Consumer Services
Cosmetics,Cosmetics
Dairy,Dairy
Dating,Dating
Defense & Space,Defense & Space
Design,Design
E-commerce,E-commerce
E-Learning,E-Learning
Education Management,Education Management
Electrical & Electronic Manufacturing,Electrical & Electronic Manufacturing
Enterprise Software,Enterprise Software
Entertainment,Entertainment
Environmental Services,Environmental Services
Events Services,Events Services
Executive Office,Executive Office
Facilities Services,Facilities Services
Farming,Farming
Financial Services,Financial Services
Fine Art,Fine Art
Fishery,Fishery
Food & Beverages,Food & Beverages
Food Production,Food Production
Fundraising,Fundraising
Furniture,Furniture
Gambling & Casinos,Gambling & Casinos
"Glass, Ceramics & Concrete","Glass, Ceramics & Concrete"
Government Administration,Government Administration
Gambling & Casinos,Gambling & Casinos
"Glass, Ceramics & Concrete","Glass, Ceramics & Concrete"
Government Administration,Government Administration
Government Relations,Government Relations
Graphic Design,Graphic Design
"Health, Wellness & Fitness","Health, Wellness & Fitness"
Higher Education,Higher Education
Hospital & Health Care,Hospital & Health Care
Hospitality,Hospitality
Human Resources,Human Resources
Import & Export,Import & Export
Individual & Family Services,Individual & Family Services
Industrial Automation,Industrial Automation
Information Services,Software Development
Product Development,Software Development
Insurance,Insurance
International Affairs,International Affairs
International Trade & Development,International Trade & Development
Internet,Internet
Investment Banking,Investment Banking
Investment Management,Investment Management
Judiciary,Judiciary
Law Enforcement,Law Enforcement
Law Practice,Law Practice
Legal Services,Legal Services
Legislative Office,Legislative Office
"Leisure, Travel & Tourism","Leisure, Travel & Tourism"
Libraries,Libraries
Logistics & Supply Chain,Logistics & Supply Chain
Luxury Goods & Jewelry,Luxury Goods & Jewelry
Machinery,Machinery
Management Consulting,Management Consulting
Maritime,Maritime
Market Research,Market Research
Marketing & Advertising,Marketing & Advertising
Mechanical or Industrial Engineering,Mechanical or Industrial Engineering
Media Production,Media Production
Medical Devices,Medical Devices
Medical Practice,Medical Practice
Mental Health Care,Mental Health Care
Military,Military
Mining & Metals,Mining & Metals
Mobile Games,Mobile Games
Motion Pictures & Film,Motion Pictures & Film
Museums & Institutions,Museums & Institutions
Music,Music
Nanotechnology,Nanotechnology
Newspapers,Newspapers
Nonprofit Organization Management,Nonprofit Organization Management
Oil & Energy,Oil & Energy
Online Media,Online Media
Outsourcing/offshoring,Outsourcing/offshoring
Package & Freight Delivery,Package & Freight Delivery
Packaging & Containers,Packaging & Containers
Paper & Forest Products,Paper & Forest Products
Performing Arts,Performing Arts
Pharmaceuticals,Pharmaceuticals
Philanthropy,Philanthropy
Photography,Photography
Plastics,Plastics
Political Organization,Political Organization
Primary/Secondary Education,Primary/Secondary Education
Printing,Printing
Professional Training & Coaching,Professional Training & Coaching
Program Development,Software Development
Public Policy,Public Policy
Public Relations & Communications,Public Relations & Communications
Public Safety,Public Safety
Publishing,Publishing
Railroad Manufacture,Railroad Manufacture
Ranching,Ranching
Real estate,Real estate
Recreational Facilities & Services,Recreational Facilities & Services
Religious Institutions,Religious Institutions
Renewables & Environment,Renewables & Environment
Research,Research
Restaurants,Restaurants
Retail,Retail
Security & Investigations,Security & Investigations
Semiconductors,Semiconductors
Shipbuilding,Shipbuilding
Software Development,Software Development
Sporting Goods,Sporting Goods
Sports,Sports
Staffing & Recruiting,Staffing & Recruiting
Supermarkets,Supermarkets
Telecommunications,Telecommunications
Textiles,Textiles
Think Tanks,Think Tanks
Tobacco,Tobacco
Translation & Localization,Translation & Localization
Transportation/trucking/railroad,Transportation/trucking/railroad
Utilities,Utilities
Venture Capital & Private Equity,Venture Capital & Private Equity
Veterinary,Veterinary
Warehousing,Warehousing
Wholesale,Wholesale
Wine and Spirits,Wine and Spirits
Wireless,Wireless
Writing & Editing,Writing & Editing
Wine & Spirits,Wine and Spirits
Health Wellness & Fitness,"Health, Wellness & Fitness"
Information Services,Software Development
Pharmaceutical Manufacturing,Pharmaceuticals
Commercial Real Estate,Real Estate
Agriculture,Farming
Renewable Energy Equipment Manufacturing,Renewables & Environment